Site,year,value
S1,2000,0.7549966692
S2,2000,0.4297788749
S3,2000,0.9768699911
S4,2000,0.9594650761
S5,2000,1.4142135624
S6,2000,0.1296
S7,2000,0.3863983346
S8,2000,0.3980740698
