Site,year,value
S1,2000,0.7549966692
S2,2000,-0.4297788749
S3,2000,0.9768699911
S4,2000,0.9594650761
S5,2000,1.4142135624
S6,2000,-0.1296
S7,2000,0.3863983346
S8,2000,0.3980740698
S1,2001,0.4457979486
S2,2001,-0.5818248689
S3,2001,0.1715152423
S4,2001,-0.70683454
S5,2001,1.0907562595
S6,2001,-1
S7,2001,0.3364101615
S8,2001,0.4796152423
S9,2001,-0.0337282719
S10,2001,0.5646300651
S11,2001,-4.1221991043
S11,2001,-0.0344411455
