site	var1	var2
a	0.7549966692	0.4457979486
b	-0.4297788749	-0.5818248689
c	0.9768699911	0.1715152423
d	0.9594650761	-0.70683454
e	1.4142135624	1.0907562595
f	0.3863983346	0.3364101615
g	0.3980740698	0.4796152423
